Country Name,1985,1986,1987,1988,1989,1990,1991,1992,1993,1994,1995,1996,1997,1998,1999,2000,2001,2002,2003,2004,2005,2006,2007,2008,2009,2010,2011,2012,2013,2014,2015,2016,2017,2018,2019,2020,2021,(blank),Grand Total
Afghanistan,,,,,,,,,,,,,,,,0.467,0.592,0.687,0.939,0.894,0.934,0.837,0.946,0.728,0.938,0.936,0.847,0.912,1.103,1.154,1.178,1.21,1.256,1.115,1.032,,,,18.705
Africa,258.986,270.11,280.26,295.296,306.648,318.921,324.998,328.02,339.205,351.47,362.728,382.192,400.91,406.309,418.404,438.497,456.389,484.047,505.2,536.015,555.81,581.459,605.509,619.529,627.069,671.579,689.045,720.639,743.423,767.379,787.381,802.473,828.095,845.795,870.11,,,,18179.9
Albania,,,,,,3.3,3.82,3.4,3.53,3.94,4.47,5.99,5.23,5.11,5.42,4.77,3.73,3.74,5,5.61,5.44,5.52,2.86,3.8,5.2,7.57,4.19,4.72,6.96,4.72,5.89,7.78,4.52,8.55,5.2,,,,149.98
Algeria,12.274,12.981,12.722,13.966,15.324,16.104,17.345,18.286,19.414,19.883,19.715,20.654,21.497,23.262,24.757,23.89,25.031,25.992,27.81,29.387,31.907,33.124,34.976,37.836,36.206,42.998,48.176,53.985,56.314,60.401,64.682,66.755,71.495,72.057,74.348,,,,1185.554
American Samoa,,,,,,,,,,,,,,,,0.159,0.161,0.168,0.177,0.177,0.178,0.181,0.184,0.187,0.178,0.159,0.155,0.157,0.156,0.156,0.163,0.17,0.167,0.163,0.163,,,,3.359
Angola,,,,,,,,,,,,,,,,1.404,1.591,1.717,1.938,2.186,2.73,3.241,3.149,4.064,4.606,5.317,5.523,6.034,7.976,9.217,9.309,10.204,10.676,11.686,12.478,,,,115.046
Antarctica,,,,,,,,,,,,,,,,0,0,0,0,0,0.002,0.002,0.002,0.002,0.004,0.004,0.004,0,0,0,0.001,0.001,0,0,0,,,,0.022
Antigua and Barbuda,,,,,,,,,,,,,,,,0.141,0.161,0.18,0.198,0.208,0.228,0.243,0.263,0.271,0.308,0.319,0.318,0.31,0.311,0.317,0.325,0.329,0.329,0.338,0.342,,,,5.439
Argentina,45.304,49.022,52.115,52.5,50.863,51.005,53.854,56.107,61.869,65.622,67.169,69.76,72.462,74.17,80.745,85.24,86.501,81.156,88.146,95.691,100.865,111.412,110.869,114.757,116.301,119.626,122.754,128.693,132.311,131.614,137.8,139.362,138.208,139.48,132.683,135.149,,,3351.185
Armenia,,,,,,,,,,,,,,,,5.618,5.568,5.215,5.212,5.904,5.978,5.617,5.584,5.466,5.378,6.176,7.071,7.622,7.306,7.334,7.392,6.951,7.362,7.387,7.256,,,,127.397
Aruba,,,,,,,,,,,,,,,,0.73,0.76,0.775,0.791,0.813,0.855,0.854,0.88,0.859,0.899,0.89,0.882,0.868,0.895,0.894,0.922,0.91,0.934,0.967,0.991,,,,17.369
Asia Pacific,1723.1,1814.939,1970.642,2122.336,2287.685,2468.861,2635.486,2779.897,2918.25,3175.682,3395.297,3571.364,3742.363,3849.126,4039.029,4285.699,4477.992,4762.239,5098.706,5567.612,5971.181,6456.82,7014.725,7302.205,7537.454,8257.67,8875.073,9278.183,9813.078,10333.414,10430.831,10946.516,11568.56,12309.337,12690.482,,,,205471.834
Australia,123.673,129.527,135.815,143.374,151.433,155.654,157.964,161.4,165.382,170.142,175.224,180.127,188.98,199.471,206.9,198.16,211.738,214.646,213.629,223.072,215.7,219.902,229.515,229.554,234.745,238.759,240.06,237.356,236.225,234.693,238.222,243.12,244.716,247.827,253.679,251.348,,,7301.732
Austria,44.535,44.653,50.518,49.024,50.174,49.3,50.18,49.95,51.37,52.11,55.18,53.57,55.68,55.92,59.92,59.85,61.06,60.69,58.06,61.93,64.49,62.28,62.91,64.5,66.3,67.91,62.26,68.7,64.59,61.62,61.85,65.25,67.42,65.04,70.86,69.14,65.93,,2184.724
Azerbaijan,20.702,21.542,22.909,23.572,23.3,23.152,23.45,19.763,19.051,17.571,17.044,17.085,16.836,17.995,18.176,17.654,17.896,18.472,20.131,20.482,20.095,22.32,20.654,20.456,17.85,17.76,19.21,21.7,22.035,23.32,23.3,23.567,22.961,23.819,24.596,25.778,,,746.204
Bahamas,,,,,,,,,,,,,,,,1.565,1.626,1.716,1.81,1.795,1.894,1.928,2.045,2.05,1.945,1.89,1.932,1.787,1.773,1.809,1.88,1.85,1.87,1.903,1.911,,,,36.979
Bahrain,,,,,,,,,,,,,,,,13.023,13.737,14.338,14.755,15.177,18.205,19.774,20.419,21.451,21.209,22.397,22.88,23.29,24.363,25.627,26.784,26.809,27.481,27.782,28.115,,,,427.616
Bangladesh,4.528,4.8,5.587,6.541,7.115,7.732,8.27,8.894,9.206,9.784,10.806,11.474,11.858,12.882,14.45,14.873,16.399,17.6,18.589,23.269,25.442,29.247,29.21,32.33,35.071,38.494,41.664,45.735,50.041,52.597,55.602,64.843,68.926,73.971,79.781,80.408,,,1028.019
Barbados,,,,,,,,,,,,,,,,0.758,0.796,0.828,0.868,0.896,0.953,0.976,1.003,1.011,1.023,0.968,0.989,1.064,0.959,0.969,0.982,1.013,1.008,1.01,1.015,,,,19.089
Belarus,33.175,36.282,37.453,38.15,38.489,39.526,38.735,37.595,33.369,31.397,24.918,23.728,26.057,23.492,26.516,24.537,23.561,24.869,25.031,29.339,29.107,29.91,29.927,32.904,28.482,32.81,30.277,28.962,29.633,32.667,32.056,31.576,32.487,36.692,37.716,35.936,,,1127.361
Belgium,57.322,58.676,63.367,65.349,67.547,70.29,71.19,71.42,70.08,71.34,73.52,75.14,77.88,82.09,83.37,82.79,78.63,80.94,83.57,84.36,85.45,84.1,87.29,83.35,89.73,94.19,89.04,81.41,81.72,71.04,68.24,84.16,85.09,73.57,92.41,87.5,98.11,,2905.271
Belize,,,,,,,,,,,,,,,,0.181,0.15,0.152,0.175,0.16,0.164,0.226,0.232,0.231,0.222,0.35,0.346,0.315,0.345,0.362,0.377,0.391,0.405,0.403,0.454,,,,5.641
Benin,,,,,,,,,,,,,,,,0.079,0.062,0.059,0.075,0.076,0.101,0.146,0.208,0.216,0.121,0.109,0.097,0.047,0.089,0.228,0.312,0.26,0.312,0.19,0.15,,,,2.937
Bermuda,,,,,,,,,,,,,,,,0.595,0.644,0.643,0.624,0.627,0.652,0.666,0.676,0.685,0.694,0.686,0.674,0.658,0.637,0.62,0.634,0.625,0.633,0.602,0.591,,,,12.866
Bhutan,,,,,,,,,,,,,,,,1.793,1.921,2.178,2.504,2.33,2.621,4.475,6.496,6.892,6.929,7.256,6.977,6.747,7.533,7.151,7.733,7.881,7.652,6.891,6.61,,,,110.57
Bolivia,,,,,,,,,,,,,,,,3.775,3.851,4.046,4.175,4.363,4.694,5.08,5.512,5.599,5.903,6.447,6.878,7.297,7.619,8.072,8.628,8.854,9.174,9.443,9.739,9.421,,,138.57
Bosnia and Herzegovina,,,,,,,,,,,,,,,,10.058,10.259,10.401,10.815,12.263,12.146,12.803,11.277,14.177,15.04,16.498,14.583,13.449,16.767,17.02,16.43,17.76,16.24,19.07,17.42,16.96,17.64,,319.076
Botswana,,,,,,,,,,,,,,,,0.89,0.949,0.842,0.681,0.74,0.815,0.746,0.578,0.552,0.417,0.5,0.449,0.33,0.869,2.176,2.791,2.53,2.844,2.97,3.029,,,,25.698
Brazil,193.682,202.129,203.331,214.953,221.739,222.82,234.376,241.762,252.003,260.041,275.601,291.279,307.981,321.749,334.726,342.574,323.168,340.297,358.896,381.182,395.721,411.925,437.187,454.678,458.666,506.748,523.12,542.895,559.372,577.739,568.688,567.965,577.962,591.61,615.353,605.727,,,13919.645
British Virgin Islands,,,,,,,,,,,,,,,,0.04,0.038,0.038,0.042,0.042,0.093,0.1,0.104,0.116,0.15,0.185,0.181,0.186,0.186,0.186,0.198,0.2,0.141,0.102,0.07,,,,2.398
Brunei,,,,,,,,,,,,,,,,2.39,2.424,2.539,3,3.068,3.068,3.1,3.191,3.218,3.395,3.564,3.5,3.694,4.138,4.236,3.948,4.014,3.908,4.036,4.066,,,,68.497
Bulgaria,41.632,41.82,43.473,45.021,44.331,41.9,40.69,35.44,37.84,37.98,41.65,42.68,42.59,41.45,37.98,40.6,43.45,42.09,42.29,41.4,43.93,45.48,42.9,44.56,42.33,45.98,49.95,46.51,43.01,46.91,48.7,44.56,44.92,46.55,43.82,40.02,47.08,,1593.517
Burkina Faso,,,,,,,,,,,,,,,,0.318,0.327,0.365,0.445,0.472,0.489,0.52,0.582,0.589,0.664,0.543,0.538,0.603,0.674,0.834,0.957,0.939,1.058,1.182,1.244,,,,13.343
Burundi,,,,,,,,,,,,,,,,0.1,0.116,0.128,0.102,0.092,0.097,0.094,0.118,0.113,0.122,0.149,0.147,0.15,0.174,0.187,0.18,0.184,0.279,0.257,0.347,,,,3.136
Cambodia,,,,,,,,,,,,,,,,0.467,0.509,0.686,0.72,0.769,0.91,1.109,1.404,1.394,1.184,0.944,1,1.376,1.723,2.972,4.236,5.392,6.719,7.925,7.587,,,,49.026
Cameroon,,,,,,,,,,,,,,,,3.444,3.502,3.261,3.64,4.06,3.952,5.033,5.126,5.557,5.641,5.763,5.792,5.376,6.225,6.734,7.727,6.959,7.871,8.363,8.72,,,,112.746
Canada,459.016,468.584,496.398,506.016,498.093,480.593,506.995,518.627,530.232,553.055,557.869,571.622,572.341,561.991,577.774,588.424,572.362,583.94,572.384,582.408,606.367,592.658,612.989,614.747,597.067,585.804,615.165,615.806,640.339,636.321,639.504,645.838,645.224,637.221,632.401,628.316,,,20704.491
Cape Verde,,,,,,,,,,,,,,,,0.138,0.155,0.171,0.187,0.206,0.222,0.236,0.253,0.27,0.281,0.325,0.346,0.359,0.385,0.408,0.401,0.423,0.459,0.489,0.517,,,,6.231
Cayman Islands,,,,,,,,,,,,,,,,0.398,0.425,0.448,0.463,0.486,0.394,0.486,0.546,0.578,0.597,0.594,0.594,0.587,0.596,0.605,0.624,0.654,0.668,0.658,0.695,,,,11.096
Central African Republic,,,,,,,,,,,,,,,,0.105,0.106,0.106,0.107,0.149,0.159,0.166,0.16,0.16,0.159,0.159,0.171,0.174,0.138,0.169,0.169,0.17,0.151,0.151,0.151,,,,2.98
Chad,,,,,,,,,,,,,,,,0.086,0.094,0.101,0.108,0.115,0.121,0.122,0.121,0.141,0.172,0.188,0.205,0.193,0.212,0.212,0.214,0.225,0.225,0.229,0.231,,,,3.315
Chile,14.04,14.82,15.637,16.915,17.811,18.398,19.963,22.35,24.013,25.276,28.027,30.791,33.292,35.495,38.384,39.878,41.154,42.281,45.212,49.357,50.767,53.544,56.318,57.519,58.513,58.084,63.259,66.91,70.031,67.768,72.332,76.091,76.242,79.091,78.416,78.829,,,1636.808
China,410.69,449.53,497.267,545.21,584.81,621.2,677.55,753.94,811.59,927.8,1007.03,1081.31,1135.55,1167,1239.3,1319.101,1463.931,1634.137,1858.612,2160.98,2421.429,2780.611,3227.072,3431.351,3674.899,4225.469,4719.4,4986.48,5372.18,5604.5,5740,6022.8,6448.7,6996.2,7326.7,7623.696,,,100948.025
CIS,1213.718,1265.841,1321.837,1344.297,1357.639,1363.653,1343.325,1265.638,1195.778,1095.189,1068.325,1046.585,1025.339,1013.279,1034.143,1071.699,1089.075,1093.269,1129.697,1156.951,1180.583,1226.637,1257.038,1281.95,1226.236,1283.983,1308.507,1330.408,1323.675,1337.935,1340.887,1369.322,1383.039,1416.33,1431.039,,,,43192.846
Colombia,29.375,31.653,33.68,35.473,37.021,38.246,40.124,36.613,41.691,45.024,47.483,48.371,49.906,50.283,47.775,42.177,42.461,44.073,45.594,48.778,49.347,52.736,54.196,54.958,55.854,58.034,59.918,61.105,72.142,69.286,76.395,74.737,77.681,78.252,75.04,74.257,,,1879.739
Comoros,,,,,,,,,,,,,,,,0.019,0.028,0.031,0.033,0.042,0.045,0.048,0.044,0.043,0.041,0.045,0.059,0.058,0.055,0.051,0.052,0.057,0.086,0.1,0.117,,,,1.054
Congo,,,,,,,,,,,,,,,,0.293,0.331,0.392,0.393,0.39,0.424,0.444,0.4,0.484,0.523,0.76,1.255,1.647,1.655,1.683,2.659,2.832,3.325,3.36,3.594,,,,26.844
Cook Islands,,,,,,,,,,,,,,,,0.024,0.024,0.026,0.027,0.027,0.027,0.03,0.031,0.032,0.031,0.032,0.032,0.03,0.03,0.028,0.028,0.033,0.037,0.042,0.044,,,,0.615
Costa Rica,,,,,,,,,,,,,,,,6.848,6.878,7.419,7.286,7.963,8.157,8.585,8.93,9.36,9.212,9.473,9.705,10.053,10.094,10.087,10.725,10.792,11.219,11.407,11.386,11.56,,,197.139
Croatia,,,,,,8.86,8.59,8.9,9.57,8.77,9.27,11.17,10.23,11.45,12.98,11.26,12.77,12.71,13.19,13.89,13.06,12.92,12.54,12.78,13.35,14.79,11.23,10.59,13.95,13.44,11.25,12.62,11.79,13.55,12.66,12.88,14.77,,381.78
Cuba,,,,,,,,,,,,,,,,14.192,14.441,14.82,14.912,14.748,14.451,15.51,16.6,16.669,16.72,16.386,16.73,17.362,18.041,18.25,19.119,19.278,19.371,19.631,19.766,,,,336.997
Cyprus,1.319,1.423,1.501,1.647,1.831,1.97,2.08,2.43,2.59,2.68,2.5,2.61,2.73,2.99,3.14,3.37,3.55,3.79,4.05,4.2,4.38,4.65,4.87,5.07,5.21,5.33,4.92,4.72,4.29,4.34,4.54,4.89,5,5.06,5.15,4.96,5.13,,134.911
Czechia,58.121,60.606,62.196,64.334,65.131,62.27,60.3,59.05,58.67,58.4,60.58,63.83,64.21,64.62,64.17,72.9,74.22,76,82.79,83.79,81.93,83.66,87.77,83.28,81.64,85.24,86.67,86.61,85.94,85.01,82.52,82.01,85.77,86.86,85.74,81.1,84.33,,2752.268
Democratic Republic of Congo,,,,,,,,,,,,,,,,5.942,5.919,6.057,6.105,7.015,7.326,7.464,7.776,7.451,7.755,7.822,7.816,7.536,8.174,8.762,8.864,9.048,9.422,10.476,11.011,,,,157.741
Denmark,29.143,30.783,29.489,28.07,22.934,25.98,36.54,30.75,33.98,40.58,36.74,53.56,44.28,41.08,38.89,36,37.72,39.28,46.16,40.42,36.23,45.61,39.31,36.62,36.38,38.87,35.22,30.7,34.74,32.19,28.93,30.55,31.03,30.36,29.52,28.86,33.53,,1301.029
Djibouti,,,,,,,,,,,,,,,,0.18,0.179,0.188,0.188,0.202,0.24,0.263,0.304,0.319,0.328,0.356,0.364,0.368,0.408,0.094,0.168,0.084,0.056,0.041,0.041,,,,4.371
Dominica,,,,,,,,,,,,,,,,0.074,0.078,0.071,0.076,0.076,0.079,0.081,0.082,0.083,0.089,0.095,0.098,0.097,0.097,0.098,0.103,0.108,0.083,0.064,0.09,,,,1.722
Dominican Republic,,,,,,,,,,,,,,,,8.067,9.733,11.816,12.543,11.188,11.98,13.06,13.65,11.676,11.558,13.988,14.93,15.799,16.727,16.282,16.917,17.671,18.045,18.616,18.515,,,,282.761
Eastern Africa,24.101,24.675,24.88,27.228,26.429,30.019,31.428,28.78,30.312,30.735,31.729,31.468,33.486,38.842,41.048,42.277,46.296,48.18,47.835,50.996,54.229,56.285,59.493,61.752,66.463,73.997,78.458,81.635,86.88,93.088,98.012,97.818,103.43,105.976,115.279,,,,1923.539
Ecuador,4.558,5.012,5.384,5.641,5.769,6.349,6.974,7.196,7.411,8.144,8.429,9.679,10.362,10.89,10.308,10.356,10.74,11.551,11.212,13.089,12.162,14.128,16.585,18.265,17.929,18.785,19.885,22.106,22.442,23.451,25.07,26.49,27.391,28.545,31.679,,,,493.967
Egypt,30.254,32.461,35.654,38.712,40.614,41.952,43.276,44.987,46.737,48.55,50.652,53.57,56.784,60.697,65.73,74.462,79.366,84.814,90.47,96.21,103.161,109.499,118.787,124.313,131.681,139.059,136.462,142.006,145.547,151.988,163.587,167.733,175.058,184.516,193.546,,,,3302.895
El Salvador,,,,,,,,,,,,,,,,3.726,3.79,3.973,4.265,4.35,4.714,5.598,5.724,5.874,5.745,5.756,5.839,5.968,6.022,5.976,5.613,5.601,4.879,4.772,5.29,,,,103.475
Equatorial Guinea,,,,,,,,,,,,,,,,0.083,0.053,0.107,0.12,0.163,0.27,0.329,0.391,0.457,0.514,0.576,0.65,0.899,1.402,1.611,1.626,1.437,1.276,1.421,1.353,,,,14.738
Eritrea,,,,,,,,,,,,,,,,0.197,0.219,0.244,0.26,0.266,0.271,0.253,0.271,0.27,0.277,0.294,0.305,0.315,0.322,0.328,0.335,0.341,0.367,0.469,0.517,,,,6.121
Estonia,17.827,17.951,17.9,17.627,17.611,17.18,14.63,11.83,9.12,9.15,8.69,9.09,9.22,8.52,8.26,8.51,8.49,8.53,10.16,10.31,10.2,9.73,12.18,10.58,8.78,12.97,12.89,11.96,13.28,12.45,10.15,12.17,13.16,12.37,7.61,6.06,7.52,,424.666
Ethiopia,,,,,,,,,,,,,,,,1.701,2.035,2.068,2.32,2.562,2.869,3.29,3.547,3.765,3.98,4.99,6.318,7.557,8.661,9.473,10.389,12.468,13.141,13.475,14.579,,,,129.188
Europe,2883.686,2946.477,3044.783,3130.354,3193.065,3212.793,3230.116,3190.362,3174.728,3192.618,3279.587,3353.865,3389.195,3466.419,3509.427,3620.283,3685.098,3718.569,3811.589,3898.06,3959.874,4015.794,4064.693,4088.565,3894.692,4065.763,4019.423,4052.4,4020.593,3938.483,3982.879,4023.097,4062.183,4067.16,3993.349,,,,127180.022
European Union (27),,,,,,2257.49,2298,2282.31,2284.82,2323.23,2389.05,2472.1,2484.75,2535.28,2560.61,2629.52,2705.81,2723.73,2803.78,2871.94,2885.46,2937.34,2953.85,2966.69,2815.21,2952.84,2911.44,2906.31,2887.62,2828.09,2873.38,2895.02,2926.46,2913.9,2878.56,2768.37,2870.43,,86793.39
Falkland Islands,,,,,,,,,,,,,,,,0.014,0.015,0.015,0.015,0.015,0.015,0.016,0.016,0.018,0.018,0.016,0.016,0.017,0.019,0.019,0.019,0.021,0.02,0.02,0.02,,,,0.344
Faroe Islands,,,,,,,,,,,,,,,,0.204,0.221,0.231,0.238,0.239,0.236,0.25,0.259,0.265,0.265,0.268,0.264,0.28,0.28,0.297,0.306,0.306,0.324,0.34,0.382,,,,5.455
Fiji,,,,,,,,,,,,,,,,0.631,0.674,0.711,0.723,0.753,0.787,0.848,0.859,0.874,0.861,0.898,0.869,0.861,0.892,0.911,0.951,0.963,1.043,1.072,1.066,,,,17.247
Finland,49.394,48.948,53.016,53.491,53.359,54.39,57.98,57.73,61.08,65.64,64.04,69.38,69.16,70.15,69.46,69.79,74.29,74.73,84.08,85.6,70.33,82.05,80.92,76.98,71.78,80.34,73.21,70.09,70.98,67.81,68.36,68.48,67.13,69.98,68.37,67.97,70.27,,2510.758
France,343.483,362.225,377.867,391.628,406.14,417.2,451.62,460.02,469.66,474.6,491.2,509.16,500.96,507.25,521.23,535.18,545.3,553.64,561.51,568.7,571.2,569.42,563.82,568.84,530.71,564.34,567.4,567.08,576.45,566.19,573.92,558.65,556.08,575.8,565.62,529.6,551.4,,19005.093
French Guiana,,,,,,,,,,,,,,,,0.428,0.585,0.606,0.631,0.655,0.681,0.706,0.901,0.922,1.029,1.104,1.053,0.877,0.875,0.901,0.913,0.913,1.076,1.1,1.162,,,,17.118
French Polynesia,,,,,,,,,,,,,,,,0.389,0.472,0.522,0.572,0.612,0.603,0.629,0.659,0.687,0.701,0.629,0.647,0.647,0.598,0.579,0.58,0.588,0.587,0.585,0.602,,,,11.888
Gabon,,,,,,,,,,,,,,,,1.277,1.345,1.429,1.465,1.484,1.513,1.609,1.68,1.778,1.801,1.865,1.962,2.081,2.023,1.918,2.046,2.246,2.188,2.169,2.21,,,,36.089
Gambia,,,,,,,,,,,,,,,,0.11,0.127,0.142,0.158,0.174,0.192,0.204,0.217,0.229,0.23,0.233,0.245,0.254,0.248,0.267,0.282,0.298,0.306,0.313,0.323,,,,4.552
Georgia,,,,,,,,,,,,,,,,7.271,6.798,7.16,7.057,6.812,7.143,7.116,8.173,8.304,8.415,9.985,9.977,9.475,10.06,10.38,10.83,11.58,11.53,12.14,11.85,,,,182.056
Germany,522.534,523.557,532.442,549.492,559.873,546.82,535.83,533.66,522.49,525.21,532.81,550.69,548.01,552.38,552.54,572.3,581.89,581.96,602.54,610.28,613.41,629.81,632.31,633.2,588.94,624.64,605.17,620.39,631.15,619.95,640.57,642.97,646.01,635.15,601.63,572.53,581.4,,21556.538
Ghana,,,,,,,,,,,,,,,,7.134,7.733,7.107,5.726,5.878,6.676,8.214,6.756,8.149,8.78,9.923,10.922,11.722,12.527,12.624,11.113,9.622,10.885,11.846,12.081,,,,185.418
Gibraltar,,,,,,,,,,,,,,,,0.118,0.118,0.121,0.126,0.128,0.136,0.142,0.146,0.156,0.164,0.166,0.161,0.165,0.178,0.186,0.211,0.201,0.169,0.202,0.199,,,,3.193
Greece,27.74,28.237,30.272,33.394,34.456,34.78,35.74,37.22,38.13,40.39,41.3,42.42,43.29,46.19,49.39,53.42,53.08,53.95,57.9,58.8,59.43,60.17,62.71,62.92,61.07,57.38,59.19,60.75,57.12,50.35,51.83,54.41,55.18,53.25,48.56,46.84,53.62,,1794.879
Greenland,,,,,,,,,,,,,,,,0.421,0.388,0.382,0.33,0.336,0.35,0.382,0.388,0.4,0.425,0.414,0.451,0.439,0.45,0.476,0.51,0.481,0.468,0.513,0.513,,,,8.517
Grenada,,,,,,,,,,,,,,,,0.131,0.143,0.149,0.159,0.15,0.147,0.167,0.179,0.19,0.195,0.204,0.2,0.196,0.194,0.201,0.195,0.206,0.21,0.217,0.224,,,,3.657
Guadeloupe,,,,,,,,,,,,,,,,1.273,1.26,1.218,1.309,1.563,1.573,1.64,1.716,1.699,1.679,1.678,1.695,1.634,1.587,1.604,1.641,1.632,1.649,1.66,1.673,,,,31.383
Guam,,,,,,,,,,,,,,,,1.85,1.85,1.633,1.684,1.775,1.793,1.789,1.767,1.764,1.755,1.758,1.734,1.685,1.674,1.626,1.654,1.722,1.757,1.724,1.735,,,,34.729
Guatemala,,,,,,,,,,,,,,,,6.028,5.828,6.142,7.649,6.747,8.291,8.294,9.022,8.448,8.635,8.651,8.937,9.499,10.22,10.813,11.334,12.06,12.622,13.702,13.579,,,,186.501
Guinea,,,,,,,,,,,,,,,,0.743,0.933,0.984,0.865,0.942,0.881,0.843,0.942,0.967,0.963,0.92,0.85,0.707,0.644,0.696,1.599,2.233,2.479,2.132,2.31,,,,23.633
Guinea-Bissau,,,,,,,,,,,,,,,,0.03,0.03,0.02,0.02,0.03,0.03,0.03,0.03,0.03,0.03,0.03,0.031,0.032,0.033,0.033,0.035,0.036,0.038,0.042,0.044,,,,0.634
Guyana,,,,,,,,,,,,,,,,0.877,0.91,0.914,0.822,0.858,0.65,0.669,0.704,0.71,0.726,0.825,0.868,0.904,0.926,0.942,1.005,1.038,1.076,1.086,1.111,,,,17.621
Haiti,,,,,,,,,,,,,,,,0.528,0.572,0.527,0.515,0.527,0.536,0.549,0.447,0.466,0.688,0.561,0.653,1.047,1.001,0.977,0.983,1.024,0.999,0.993,0.997,,,,14.59
Honduras,,,,,,,,,,,,,,,,3.546,3.747,3.927,4.353,4.66,5.392,5.742,6.053,6.282,6.377,6.82,7.365,7.653,7.97,8.093,8.831,8.854,9,9.306,9.092,,,,133.063
Hong Kong,19.249,21.419,23.754,25.508,27.363,28.96,31.889,35.076,35.948,26.741,27.916,28.44,28.943,31.414,29.496,29.451,30.486,32.255,33.378,34.904,36.141,36.297,36.612,35.712,36.405,36.036,36.731,36.47,36.757,37.46,35.722,35.957,34.794,34.365,34.687,,,,1122.736
Hungary,26.794,28.044,29.749,29.233,29.596,28.44,29.96,31.68,32.91,33.52,34.02,35.09,35.4,37.2,37.83,35.19,36.42,36.15,34.13,33.71,35.75,35.85,39.96,40.02,35.91,37.37,36.02,34.62,30.25,29.35,30.29,31.81,32.8,31.91,34.05,34.08,34.81,,1239.916
Iceland,3.837,4.058,4.152,4.416,4.475,4.51,4.49,4.55,4.73,4.77,4.98,5.12,5.59,6.27,7.19,7.68,8.03,8.42,8.51,8.61,8.68,9.92,11.97,16.47,16.83,17.06,17.21,17.55,18.11,18.12,18.79,18.55,19.24,19.82,19.49,,,,362.198
India,186.386,202.677,223.669,241.305,272.446,287.763,320.458,337.153,362.176,387.967,427.149,443.205,469.154,505.078,547.362,486.13,508.301,519.639,550.523,586.74,615.133,660.382,693.73,725.458,780.83,824.026,903.829,955.218,1004.83,1103.007,1139.551,1224.126,1285.739,1367.832,1378.174,1341.967,,,23869.113
Indonesia,16.369,18.415,20.72,24.807,28.487,33.115,38.103,40.284,39.707,45.928,54.121,58.868,70.691,76.693,83.971,88.519,96.124,102.596,108.432,113.836,121.012,126.692,135.854,142.476,148.516,161.009,173.609,189.253,204.478,215.624,221.306,234.727,241.326,269.395,281.135,,,,4026.198
Iran,38.915,42.186,45.062,46.97,51.431,57.655,62.814,67.178,74.686,81.004,84.353,89.74,96.983,102.385,110.088,114.283,122.643,133.022,145.202,157.437,168.212,182.042,192.655,201.92,208.463,219.468,226.056,239.248,247.065,258.372,264.971,272.287,289.57,291.285,306.298,335.984,,,5627.933
Iraq,20.973,22.287,22.51,23.45,23.86,28.373,13.359,21.912,27.09,26.663,26.498,25.981,26.693,26.744,24.721,30.017,30.347,31.857,26.662,30.382,28.876,32.098,31.53,34.802,43.032,46.211,50.839,43.476,55.2,63.906,64.751,75.453,82.289,77.65,82.843,,,,1323.335
Ireland,12.088,12.652,13.064,13.228,13.833,14.23,14.93,15.78,16.14,16.83,17.61,18.91,19.69,20.89,21.77,23.67,24.64,24.84,24.86,25.22,25.62,27.11,28.37,29.92,27.97,28.16,27.16,27.13,25.57,25.81,28.1,30.23,30.66,30.9,30.7,31.29,29.88,,849.455
Israel,15.431,16.034,17.677,19.352,20.453,20.898,21.514,24.686,26,28.316,30.437,32.569,35.111,37.976,39.228,40.103,41.315,42.772,44.221,44.445,45.688,47.526,50.566,53.377,51.462,55.046,56.021,59.229,57.713,57.255,60.548,63.16,63.526,64.768,67.377,,,,1451.8
Italy,185.74,192.33,201.372,203.561,210.75,213.15,218.43,222.37,219.39,228.45,237,239.05,245.81,252.93,258.6,269.15,271.08,276.76,285.38,294.83,295.72,306.67,307.21,312.5,287.58,297.91,299.74,296.48,287.07,277.44,280.95,287.2,293.33,287.39,291.35,277.72,282.94,,9695.333
Jamaica,,,,,,,,,,,,,,,,6.222,6.264,6.524,6.725,6.795,6.989,7.038,5.603,3.995,4.053,3.972,4.015,3.925,3.92,3.893,3.891,4.113,4.145,4.169,4.191,,,,100.442
Japan,671.953,676.363,719.085,753.728,799.769,881.5,911.303,916.787,926.103,984.493,1010.88,1029.857,1054.864,1059.663,1079.142,1014.478,996.924,1014.289,1005.432,1033.309,1044.508,1062.509,1103.864,1030.672,1002.088,1111.465,1106.413,1036.395,1046.585,1017.708,997.227,995.365,992.688,987.954,952.384,941.776,,,34969.523
Jordan,,,,,,,,,,,,,,,,6.935,7.094,7.647,7.517,8.432,9.078,10.455,12.223,13.011,13.419,13.894,13.771,15.603,16.228,17.173,17.878,18.533,19.572,19.384,19.746,,,,267.593
Kazakhstan,81.263,85.094,88.49,88.417,89.657,87.379,85.99,83.166,77.889,66.777,66.739,58.747,52,49.8,47.3,48.621,53.849,55.286,60.466,63.331,64.169,67.747,72.411,75.881,74.332,78.09,81.786,87.63,97.289,90.011,86.696,89.619,97.596,101.718,101.552,103.597,,,2760.385
Kenya,,,,,,,,,,,,,,,,4.054,4.593,4.752,5.098,5.453,5.862,6.324,6.53,6.417,6.581,7.231,7.535,7.944,8.477,8.018,9.816,9.393,10.557,11.105,11.426,,,,147.166
Kiribati,,,,,,,,,,,,,,,,0.013,0.011,0.013,0.016,0.019,0.021,0.022,0.022,0.022,0.022,0.024,0.025,0.025,0.025,0.025,0.028,0.03,0.03,0.03,0.03,,,,0.453
Kosovo,,,,,,,,,,,,,,,,0,0,0,0,0,0,0,0,4.856,4.684,4.867,5.461,5.594,6.144,5.12,5.762,5.638,5.576,5.578,5.994,,,,65.274
Kuwait,15.417,16.935,18.092,19.599,21.085,18.477,10.78,16.885,20.178,22.802,23.724,25.475,26.724,29.984,31.576,30.384,32.241,34.18,37.414,38.781,41.11,44.751,45.828,48.644,50.023,53.657,54.04,57.452,57.324,61.232,64.191,65.883,68.426,69.663,71.536,,,,1344.493
Kyrgyzstan,,,,,,,,,,,,,,,,15.708,14.662,12.84,15.317,16.038,14.637,14.275,14.577,11.588,10.929,11.929,14.956,14.967,13.855,14.363,12.803,13.041,15.293,15.309,14.84,,,,281.927
Laos,,,,,,,,,,,,,,,,3.277,3.297,3.212,2.832,2.998,3.51,3.6,3.37,3.72,3.37,8.365,12.839,12.926,15.356,15.126,16.031,25.02,30.201,33.465,33.765,,,,236.28
Latvia,4.961,5.184,5.937,5.11,5.801,6.65,5.65,3.84,3.93,4.44,3.99,3.12,4.51,5.8,4.11,4.14,4.27,3.97,3.97,4.69,4.92,4.89,4.76,5.27,5.57,6.63,6.09,6.17,6.2,5.14,5.54,6.42,7.53,6.72,6.44,5.77,5.97,,194.103
Lebanon,,,,,,,,,,,,,,,,9.195,9.574,11.051,11.981,11.786,11.74,10.948,11.377,12.573,12.976,14.817,15.369,15.535,17.751,16.897,17.549,18.256,19.981,19.984,20.789,,,,290.129
Lesotho,,,,,,,,,,,,,,,,0.288,0.285,0.314,0.325,0.297,0.459,0.525,0.554,0.584,0.648,0.694,0.49,0.486,0.515,0.521,0.533,0.523,0.54,0.54,0.542,,,,9.663
Liberia,,,,,,,,,,,,,,,,0.2,0.2,0.2,0.2,0.2,0.2,0.2,0.25,0.25,0.25,0.25,0.28,0.28,0.282,0.282,0.291,0.376,0.376,0.374,0.4,,,,5.341
Libya,,,,,,,,,,,,,,,,14.566,15.144,16.479,17.806,18.99,21.312,23.269,24.66,28.878,29.182,30.605,24.439,32.219,35.639,35.468,35.261,29.535,31.286,32.121,31.075,,,,527.934
Lithuania,20.962,22.416,22.755,26,29.158,28.36,29.33,18.53,13.91,9.73,13.49,16.2,14.35,17.1,13.02,11.03,14.29,17.15,18.66,18.58,14.22,11.87,13.23,13.09,14.37,4.75,3.99,4.3,3.98,3.46,4,3.41,3.35,2.75,3.14,4.21,3.64,,486.781
Luxembourg,0.939,1.02,1.036,1.334,1.38,0.62,0.7,0.66,0.67,0.59,0.49,0.45,0.41,0.37,0.36,0.4,0.87,2.8,2.79,3.37,3.35,3.54,3.19,2.72,3.15,3.24,2.64,2.76,1.84,1.91,1.34,0.79,0.9,0.96,1.07,1.23,1.39,,57.279
Macau,,,,,,,,,,,,,,,,1.389,1.41,1.515,1.616,1.814,1.905,1.568,1.429,1.138,1.378,1.012,0.833,0.527,0.389,0.603,0.904,0.929,1.377,0.617,0.78,,,,23.133
Madagascar,,,,,,,,,,,,,,,,0.78,0.886,0.866,0.99,1.1,1.111,1.134,1.184,1.232,1.235,1.329,1.348,1.701,1.856,1.97,2.052,2.167,2.217,2.276,2.348,,,,29.782
Malawi,,,,,,,,,,,,,,,,1.241,1.269,1.332,1.351,1.489,1.52,1.554,1.585,1.73,1.714,1.951,2.009,2.086,2.094,2.204,2.204,2.193,2.087,1.629,1.434,,,,34.676
Malaysia,14.944,16.131,17.421,19.352,21.515,23.016,26.552,31.381,34.877,39.754,46.575,53.409,59.935,64.141,68.17,65.892,66.555,70.055,74.701,77.635,77.971,84.762,91.996,92.316,109.467,117.693,121.987,126.823,131.854,139.5,143.454,148.66,156.171,159.946,162.834,,,,2757.445
Maldives,,,,,,,,,,,,,,,,0.098,0.109,0.118,0.133,0.15,0.174,0.199,0.232,0.265,0.282,0.343,0.365,0.391,0.397,0.505,0.562,0.603,0.604,0.607,0.623,,,,6.76
Mali,,,,,,,,,,,,,,,,0.399,0.402,0.404,0.434,0.45,0.782,0.837,0.823,1,1.123,1.709,1.891,2.251,2.277,2.35,2.318,2.77,3.294,3.53,3.933,,,,32.977
Malta,,,,,,1.11,1.42,1.49,1.5,1.54,1.63,1.66,1.69,1.72,1.85,1.92,1.94,2.05,2.24,2.22,2.24,2.26,2.3,2.31,2.17,2.11,2.17,2.3,2.26,2.25,1.3,0.86,1.65,1.97,2.08,2.12,2.46,,60.79
Martinique,,,,,,,,,,,,,,,,1.048,1.203,1.249,1.301,1.341,1.404,1.46,1.508,1.548,1.589,1.526,1.459,1.44,1.429,1.412,1.426,1.443,1.456,1.541,1.578,,,,28.361
Mauritania,,,,,,,,,,,,,,,,0.23,0.278,0.501,0.475,0.518,0.499,0.453,0.478,0.547,0.58,0.632,0.83,0.911,0.939,0.983,1.136,1.113,0.978,0.948,0.856,,,,13.885
Mauritius,,,,,,,,,,,,,,,,1.681,1.801,1.841,1.971,2.05,2.145,2.214,2.321,2.438,2.457,2.566,2.599,2.663,2.749,2.796,2.857,2.898,2.97,2.982,3.023,,,,49.022
Mexico,96.208,99.59,106.165,112.231,120.047,117.592,128.571,132.276,134.643,146.128,150.356,156.591,166.748,181.059,189.979,194.122,201.173,204.743,202.527,220.585,231.362,236.785,243.927,247.079,245.447,261.151,286.478,290.897,281.548,286.083,294.393,302.9,305.103,317.93,313.654,302.871,,,7508.942
Middle Africa,9.739,10.05,10.088,10.238,11.942,10.888,10.614,11.402,10.753,10.308,11.44,11.616,11.059,10.943,11.517,12.627,13.045,13.22,13.951,15.632,16.386,18.642,18.642,20.14,21.14,22.155,22.669,23.344,27.647,30.356,32.621,33.81,36.097,38.681,40.269,,,,633.671
Middle East,179.561,193.408,210.967,225.059,239.058,253.661,244.232,279.987,312.283,332.831,347.342,364.802,389.534,419.827,440.239,470.702,501.217,538.488,566.225,600.226,647.969,686.572,737.305,762.775,807.896,873.681,889.722,948.18,981.972,1050.908,1109.043,1143.585,1197.021,1224.13,1264.655,,,,21435.063
Mongolia,,,,,,,,,,,,,,,,2.82,2.892,2.987,3.018,3.187,3.306,3.434,3.607,3.904,3.952,4.059,4.268,4.532,4.722,5.062,5.195,5.342,5.69,6.169,6.47,6.609,,,91.225
Montenegro,,,,,,,,,,,,,,,,0,0,0,0,0,2.87,2.95,2.14,2.83,2.76,4.02,2.65,2.85,3.94,3.17,3,3.14,2.48,3.8,3.42,3.23,3.65,,52.9
Montserrat,,,,,,,,,,,,,,,,0.011,0.011,0.019,0.02,0.02,0.02,0.02,0.021,0.022,0.022,0.022,0.021,0.021,0.022,0.023,0.023,0.019,0.018,0.016,0.014,,,,0.385
Morocco,7.345,7.764,8.001,8.984,9.024,9.628,9.205,9.719,9.91,11.47,12.092,12.538,13.593,12.968,12.895,12.131,14.199,15.162,16.487,17.497,18.778,19.265,19.338,19.639,20.028,22.464,23.646,25.825,25.356,26.224,27.998,28.884,29.899,32.564,38.402,,,,608.922
Mozambique,,,,,,,,,,,,,,,,9.604,11.778,12.615,10.835,11.632,13.196,14.63,15.955,15.024,16.837,16.553,16.729,15.082,14.792,17.581,19.639,18.467,16.734,16.417,15.343,,,,299.443
Myanmar,,,,,,,,,,,,,,,,4.905,4.499,4.99,5.377,5.393,5.807,5.963,6.198,6.43,6.811,7.348,9.657,10.483,11.963,13.763,15.496,17.297,21.73,23.812,24.846,,,,212.768
Namibia,,,,,,,,,,,,,,,,1.398,1.362,1.447,1.51,1.587,1.672,1.678,1.592,1.642,1.472,1.298,1.423,1.64,1.337,1.512,1.559,1.461,1.67,1.183,1.061,,,,29.504
Nauru,,,,,,,,,,,,,,,,0.031,0.028,0.028,0.029,0.029,0.03,0.031,0.02,0.019,0.021,0.023,0.023,0.024,0.023,0.024,0.024,0.03,0.033,0.035,0.039,,,,0.544
Nepal,,,,,,,,,,,,,,,,1.679,1.856,2.115,2.244,2.391,2.501,2.717,2.772,2.794,3.095,3.182,3.468,3.529,3.497,3.774,3.443,4.22,4.67,4.941,5.42,,,,64.308
Netherlands,62.975,67.17,68.448,69.654,73.081,71.8,74.25,77.05,76.94,79.66,80.88,85.2,86.28,90.88,86.53,89.39,93.43,95.75,96.6,101.01,99.68,98.69,105,107.4,113.56,119.11,113.81,103.07,101.5,103.22,108.75,113.78,115.61,113.49,120.44,122.73,120.79,,3507.608
Netherlands Antilles,,,,,,,,,,,,,,,,1.084,1.059,1.055,1.14,1.167,1.203,1.175,1.211,1.197,1.285,1.253,1.275,1.029,0.967,0.939,0.955,0.95,0.954,0.875,0.842,,,,21.615
New Caledonia,,,,,,,,,,,,,,,,1.569,1.644,1.661,1.669,1.594,1.79,1.778,1.835,1.782,1.834,2.016,2.149,2.169,2.38,2.846,2.747,2.948,3.033,2.947,3.02,,,,43.411
New Zealand,28.465,29.345,29.753,31.086,31.358,32.264,33.297,32.898,34.275,34.852,36.061,36.473,37.109,37.611,37.818,38.332,38.489,39.681,39.708,41.518,41.813,42.437,42.61,42.672,42.474,43.537,43.165,42.916,41.972,42.317,42.986,42.559,42.972,43.204,43.422,42.819,,,1384.268
Nicaragua,,,,,,,,,,,,,,,,2.129,2.34,2.704,2.608,2.7,3.008,3.1,2.929,3.229,3.556,3.518,3.674,3.898,4.042,4.329,4.442,4.455,4.401,4.515,4.495,,,,70.072
Niger,,,,,,,,,,,,,,,,0.178,0.156,0.172,0.18,0.189,0.219,0.206,0.209,0.212,0.239,0.273,0.321,0.375,0.417,0.417,0.499,0.495,0.52,0.571,0.588,,,,6.436
Nigeria,,,,,,,,,,,,,,,,14.144,14.844,20.676,19.358,23.237,22.528,22.049,21.924,20.143,18.83,24.889,25.723,27.304,27.46,30.612,30.808,32.008,32.794,34.453,35.669,38.019,,,537.472
Niue,,,,,,,,,,,,,,,,0.003,0.003,0.003,0.003,0.003,0.003,0.003,0.003,0.003,0.003,0.003,0.003,0.003,0.003,0.003,0.003,0.003,0.003,0.003,0.003,,,,0.06
North Korea,,,,,,,,,,,,,,,,18.746,19.518,19.122,20.325,21.281,22.196,21.722,20.896,22.518,20.488,21.036,18.736,18.761,17.932,17.492,13.424,16.564,14.617,15.147,15.774,,,,376.295
North Macedonia,,,,,,5.75,5.77,6.07,5.18,5.94,6.13,6.64,6.73,7.05,6.86,6.81,6.37,6.09,6.73,6.66,6.94,7.01,6.5,6.31,6.82,7.26,6.76,6.26,6.09,5.38,5.65,5.63,5.6,5.61,5.87,5.28,5.17,,198.92
Norway,103.292,97.284,104.283,110.02,119.197,121.46,110.46,117.01,119.61,112.2,122.13,104.57,110.38,116.31,122.15,142.43,121.16,130.12,106.59,109.98,137.1,121.09,135.94,141.02,130.9,123.1,126.21,146.55,133.27,140.95,143.07,148.13,148.41,145.84,134.08,150.7,148.74,,4655.736
Oman,2.888,3.617,3.884,4.408,4.707,4.501,4.625,5.113,5.833,6.198,6.5,6.802,7.318,8.2,8.413,8.564,9.153,9.711,10.071,10.809,11.889,13.258,13.317,14.879,16.754,18.63,20.562,23.516,24.667,27.381,30.797,32.178,33.962,35.411,36.949,,,,485.465
Pakistan,28.825,32.348,36.347,40.671,42.806,45.985,50.22,53.575,57.012,57.923,63.75,67.565,62.481,66.396,65.302,64.558,69.949,73.644,78.784,82.489,90.806,95.432,92.151,89.345,92.237,90.933,91.151,94.386,100.934,103.251,108.082,119.02,126.3,143.986,145.386,145.452,,,2869.482
Palestine,,,,,,,,,,,,,,,,0,0.033,0.14,0.321,0.371,0.47,0.324,0.392,0.4,0.47,0.445,0.535,0.433,0.502,0.317,0.475,0.465,0.472,0.34,0.295,,,,7.2
Panama,,,,,,,,,,,,,,,,4.766,4.943,5.147,5.384,5.606,5.665,5.862,6.328,6.241,6.732,7.151,7.559,8.358,8.68,8.991,10.023,10.605,10.792,10.994,11.344,,,,151.171
Papua New Guinea,,,,,,,,,,,,,,,,2.115,2.585,2.77,3.097,3.174,3.332,3.254,3.34,3.274,3.346,3.388,3.524,3.222,3.409,3.615,3.757,3.874,3.864,4.062,4.257,,,,67.259
Paraguay,,,,,,,,,,,,,,,,52.969,44.876,47.744,51.269,51.417,50.657,53.249,53.191,54.912,54.41,53.525,57.05,59.633,59.903,54.868,55.333,64.028,59.771,59.322,49.823,,,,1087.95
Peru,12.111,12.948,14.006,13.552,13.727,13.808,14.482,13.122,14.808,15.866,16.88,17.28,17.953,18.582,19.05,19.537,20.422,21.578,22.488,23.847,25.34,26.724,29.14,32.016,31.927,34.78,37.989,38.682,42.084,44.201,46.646,49.85,51.116,53.354,55.481,51.884,,,987.261
Philippines,22.766,20.974,22.642,24.539,25.573,26.327,25.649,25.87,26.579,30.459,33.554,36.707,39.797,41.578,41.432,43.66,45.208,46.525,50.674,53.646,54.188,54.505,57.08,58.31,59.317,64.669,66.121,69.688,71.844,73.724,78.637,86.587,90.002,94.514,100.381,98.293,,,1862.019
Poland,137.714,140.294,145.833,144.34,145.464,134.44,132.72,130.69,131.78,133.29,137.05,141.19,140.94,140.77,139.99,143.18,143.72,142.49,150.01,152.26,155.05,160.45,158.51,154.64,151.09,157,163.01,161.63,163.91,158.38,164.24,166.09,169.93,169.49,163.04,157.64,177.16,,5559.425
Portugal,18.9,20.355,20.135,22.489,25.808,28.33,29.72,29.61,30.99,31.33,33.15,34.41,34.14,38.91,42.91,43.38,46.17,45.65,46.52,44.82,46.18,48.57,46.89,45.48,49.48,53.69,51.88,45.57,50.53,51.96,51.27,59.13,57.7,58.41,51.73,51.96,49.19,,1537.347
Puerto Rico,,,,,,,,,,,,,,,,21.813,22.302,23.175,23.937,24.135,24.962,23.837,22.305,20.921,20.71,20.896,20.018,21.203,20.364,20.247,20.27,20.888,16.667,17.966,20.546,,,,427.162
Qatar,3.964,4.318,4.386,4.614,4.646,4.842,4.669,5.183,5.56,5.85,6.013,6.615,6.91,8.166,8.939,8.586,9.354,10.284,11.291,12.439,13.532,16.055,18.294,20.319,22.709,26.455,29.002,32.816,32.707,36.492,39.131,39.892,42.945,45.161,47.171,,,,599.31
Reunion,,,,,,,,,,,,,,,,1.941,2.098,2.076,2.165,2.389,2.499,2.534,2.586,2.688,2.779,2.85,2.893,2.959,2.958,2.991,3.051,3.074,3.067,3.077,3.181,,,,53.856
Romania,71.818,75.478,74.079,75.322,75.851,64.3,56.8,54.01,55.36,55.04,59.05,61.03,56.72,52.99,50.47,51.56,53.55,54.42,54.84,56.49,59.41,62.7,61.68,64.95,57.73,60.61,62,58.78,58.55,65.19,65.92,64.59,63.95,64.44,59.18,56.01,58.7,,2253.568
Russia,962,1001.4,1047.3,1065.5,1076.5,1082.2,1068.163,1008.45,956.587,875.914,860.027,847.183,834.131,827.158,846.225,831.822,841.487,845.251,867.233,884.48,900.066,940.689,959.151,983.302,938.547,981.691,997.765,1013.075,1002.612,1006.742,1009.381,1032.291,1035.283,1045.682,1058.466,1025.324,,,34559.078
Rwanda,,,,,,,,,,,,,,,,0.111,0.089,0.098,0.117,0.084,0.066,0.161,0.159,0.184,0.24,0.272,0.316,0.338,0.401,0.464,0.519,0.687,0.753,0.725,0.783,,,,6.567
Saint Helena,,,,,,,,,,,,,,,,0.005,0.005,0.005,0.007,0.008,0.008,0.008,0.008,0.008,0.008,0.008,0.008,0.009,0.009,0.008,0.007,0.007,0.008,0.008,0.008,,,,0.15
Saint Kitts and Nevis,,,,,,,,,,,,,,,,0.094,0.094,0.103,0.119,0.122,0.125,0.127,0.157,0.167,0.173,0.185,0.189,0.2,0.206,0.206,0.203,0.212,0.202,0.198,0.196,,,,3.278
Saint Lucia,,,,,,,,,,,,,,,,0.26,0.269,0.269,0.281,0.29,0.304,0.311,0.325,0.331,0.341,0.358,0.362,0.362,0.36,0.357,0.359,0.369,0.377,0.378,0.384,,,,6.647
Saint Pierre and Miquelon,,,,,,,,,,,,,,,,0.041,0.04,0.047,0.049,0.045,0.04,0.04,0.039,0.041,0.041,0.044,0.044,0.045,0.045,0.045,0.046,0.046,0.046,0.048,0.049,,,,0.881
Saint Vincent and the Grenadines,,,,,,,,,,,,,,,,0.09,0.094,0.097,0.103,0.114,0.126,0.127,0.134,0.132,0.132,0.136,0.132,0.132,0.135,0.134,0.139,0.145,0.142,0.143,0.142,,,,2.529
Samoa,,,,,,,,,,,,,,,,0.088,0.105,0.121,0.11,0.102,0.105,0.11,0.113,0.115,0.117,0.116,0.125,0.108,0.107,0.119,0.122,0.126,0.127,0.133,0.137,,,,2.306
Sao Tome and Principe,,,,,,,,,,,,,,,,0.028,0.024,0.03,0.031,0.035,0.039,0.04,0.043,0.045,0.049,0.054,0.056,0.061,0.067,0.072,0.078,0.082,0.085,0.087,0.09,,,,1.096
Saudi Arabia,51.654,55.685,65,70.091,75.73,79.88,84.996,93.473,102.669,106.046,109.928,112.167,119.104,126.168,130.999,118.62,125.653,133.233,143.82,150.282,165.557,170.548,179.103,191.948,204.057,225.663,235.072,271.391,284.031,316.273,337.494,345.592,355.61,355.478,361.462,,,,6054.477
Senegal,,,,,,,,,,,,,,,,1.44,1.689,1.794,1.904,1.995,2.275,2.281,2.467,2.587,2.658,2.825,2.882,3.148,3.306,3.653,3.891,4.167,4.473,4.514,4.696,,,,58.645
Serbia,,,,,,38.97,37.67,34.31,29.96,30.82,32.18,32.31,35.19,35.23,30.83,31.95,32.57,33.24,34.26,37.19,35.86,35.87,35.97,36.82,37.71,37.42,38.02,36.19,39.23,33.44,37.59,38.61,36.44,36.67,36.86,37.52,37.32,,1134.22
Seychelles,,,,,,,,,,,,,,,,0.178,0.18,0.205,0.21,0.212,0.217,0.237,0.255,0.253,0.259,0.283,0.377,0.39,0.409,0.419,0.436,0.411,0.427,0.433,0.433,,,,6.224
Sierra Leone,,,,,,,,,,,,,,,,0.089,0.131,0.148,0.135,0.112,0.078,0.039,0.057,0.135,0.129,0.163,0.172,0.173,0.16,0.182,0.196,0.21,0.219,0.26,0.274,,,,3.062
Singapore,9.876,10.576,11.814,13.018,14.039,15.618,16.597,17.543,18.962,20.675,22.057,23.909,26.709,28.375,29.52,29.005,32.05,33.53,34.201,35.559,36.838,38.029,39.64,40.262,40.372,42.71,43.329,44.198,45.175,46.506,47.488,48.672,49.347,50.055,51.164,49.976,,,1157.394
Slovakia,22.506,24.168,23.629,23.039,24.07,25.49,24.26,23.24,24.05,25.47,26.43,25.46,25.04,25.73,28.11,30.78,31.83,32.18,30.96,30.45,31.34,31.21,27.83,28.73,25.89,27.42,28.21,28.24,28.44,27.04,26.54,26.68,27.29,26.57,28.19,31.29,29.47,,1007.272
Slovenia,,,,,,12.44,12.74,12.34,11.95,12.89,12.9,13.05,13.18,13.72,13.26,13.61,14.48,14.6,13.83,15.27,15.11,15.11,15.04,16.41,16.39,16.26,15.92,15.55,15.8,17.15,14.8,16.23,16.05,16.12,15.89,16.91,15.56,,470.56
Solomon Islands,,,,,,,,,,,,,,,,0.058,0.059,0.06,0.059,0.059,0.07,0.072,0.082,0.082,0.082,0.084,0.086,0.082,0.088,0.091,0.095,0.102,0.105,0.106,0.109,,,,1.631
Somalia,,,,,,,,,,,,,,,,0.235,0.245,0.258,0.273,0.263,0.273,0.282,0.292,0.301,0.305,0.307,0.31,0.324,0.334,0.334,0.335,0.342,0.347,0.347,0.347,,,,6.054
South Africa,143.491,148.241,152.373,158.141,163.359,167.226,168.316,168.09,174.706,181.69,186.655,200.092,210.362,205.374,203.012,196.474,196.539,203.613,218.27,228.263,229.244,236.622,246.838,240.741,231.596,242.989,244.476,240.896,238.466,236.534,231.735,236.029,237.958,236.789,234.752,222.923,,,7462.875
South Korea,62.667,69.681,80.251,93.109,103.624,118.461,131.616,146.439,161.901,183.366,203.546,225.846,246.587,237.197,262.152,272.511,291.925,311.384,324.157,346.164,364.386,379.636,402.772,419.756,426.887,469.325,491.469,501.587,508.009,515.793,518.917,528.103,531.84,553.994,546.439,536.193,,,11567.69
South Sudan,,,,,,,,,,,,,,,,0,0,0,0,0,0,0,0,0,0,0,0,0.418,0.444,0.459,0.543,0.42,0.51,0.548,0.549,,,,3.891
Spain,126.562,128.537,132.665,138.759,147.055,151.21,154.75,156.69,155.46,160.9,165.6,173.37,189.14,193.39,205.63,220.92,233.07,239.91,257.3,273.65,284.46,295.26,301.53,310.67,291.53,298.15,291.37,293.77,281.47,274.94,277.48,271.19,272.9,271.88,270.89,263.75,272.27,,8428.078
Sri Lanka,2.465,2.652,2.707,2.798,2.858,3.15,3.377,3.54,3.979,4.387,4.8,4.528,5.144,5.675,6.281,6.453,6.531,6.798,7.419,7.889,8.938,8.424,9.506,9.613,9.606,10.441,11.196,11.36,11.665,11.958,12.714,13.665,14.716,14.845,15.824,,,,267.902
Sudan,,,,,,,,,,,,,,,,2.574,2.843,3.092,3.341,3.454,3.803,4.458,4.941,5.397,6.415,7.495,8.396,9.33,10.232,11.268,12.809,14.094,15.214,15.901,16.929,,,,161.986
Suriname,,,,,,,,,,,,,,,,1.397,1.416,1.431,1.444,1.457,1.518,1.563,1.563,1.564,1.566,1.681,1.886,1.895,1.917,1.928,1.943,1.908,1.875,1.889,1.871,,,,33.712
Sweden,137.14,138.651,146.571,146.23,143.091,145.98,146.97,145.93,145.26,142.7,148.28,140.61,149.21,158.79,154.84,145.23,161.6,146.7,135.39,151.69,158.37,143.28,148.82,149.9,136.6,148.45,150.28,166.43,153.03,153.55,162,155.89,164.23,163.36,168.42,164.2,173.11,,5590.783
Switzerland,56.338,57.41,59.734,60.536,54.611,56.015,58.062,59.518,61.556,66.134,62.863,57.328,62.902,63.288,68.617,64.369,69.239,63.686,63.606,62.109,56.178,60.32,64.595,65.197,64.843,64.633,61.482,66.696,67.157,68.581,64.707,59.857,58.981,64.887,69.251,68.673,,,2253.959
Syria,,,,,,,,,,,,,,,,23.899,25.313,26.487,27.932,30.394,33.088,35.277,36.53,38.738,40.835,43.791,39.545,33.169,23.814,20.1,16.957,17.19,17.378,17.188,17.265,,,,564.89
Taiwan,54.806,61.595,68.385,74.785,84.058,90.194,99.178,105.53,115.206,124.635,133.117,141.962,150.486,163.186,169.473,172.45,176.586,187.318,196.772,201.719,211.058,218.676,225.859,222.135,214.057,230.592,235.65,233.963,236.649,243.813,241.999,246.652,252.134,257.248,256.385,264.151,,,6362.462
Tajikistan,,,,,,,,,,,,,,,,13.983,14.229,15.142,16.336,16.319,16.92,16.768,17.323,16.989,15.958,16.269,16.074,16.801,16.941,15.99,16.982,17.03,17.884,19.477,20.394,19.906,,,353.715
Tanzania,,,,,,,,,,,,,,,,2.439,2.718,2.82,2.627,2.838,3.43,3.312,4.058,4.256,4.584,5.145,4.96,5.42,5.72,6.017,6.476,6.907,6.939,6.918,7.04,,,,94.624
Thailand,23.03,24.67,28.574,32.413,37.353,44.113,50.12,57.028,63.337,71.102,79.737,86.992,92.661,89.533,90.215,89.604,95.802,101.612,108.991,117.178,123.058,129.323,132.379,136.474,137.298,150.434,147.304,157.383,160.712,162.732,166.699,177.787,172.312,173.088,183.536,173.477,,,3868.061
Togo,,,,,,,,,,,,,,,,0.17,0.12,0.148,0.174,0.181,0.183,0.212,0.189,0.12,0.142,0.173,0.127,0.11,0.095,0.203,0.374,0.434,0.664,0.372,0.384,,,,4.575
Tonga,,,,,,,,,,,,,,,,0.03,0.037,0.038,0.042,0.044,0.045,0.046,0.048,0.05,0.051,0.049,0.048,0.049,0.048,0.049,0.049,0.052,0.054,0.055,0.057,,,,0.941
Trinidad and Tobago,3.023,3.291,3.481,3.485,3.428,3.577,3.72,3.976,3.817,4.069,4.307,4.541,4.988,5.169,5.247,5.133,5.307,5.307,6.052,6.046,6.638,6.745,7.22,7.271,7.378,7.98,8.246,8.584,8.935,9.302,9.682,9.411,9.336,8.672,8.335,,,,211.699
Tunisia,,,,,,,,,,,,,,,,9.964,10.714,11.135,11.676,12.293,12.976,13.281,12.921,13.505,14.346,14.955,15.339,16.795,17.076,17.872,18.353,18.49,19.172,19.524,19.989,19.447,,,319.823
Turkey,34.219,39.695,44.353,48.049,52.043,57.54,60.24,67.35,73.81,78.33,86.25,94.86,103.3,111.03,116.44,124.33,122.19,128.42,139.52,149.74,161.55,176.17,191.41,198.31,194.73,211.06,229.28,239.38,239.87,251.62,261.29,273.69,296.43,303.86,302.79,304.63,330.49,,5898.269
Turkmenistan,10.987,12.396,13.267,12.891,14.508,14.61,14.954,13.183,12.637,10.52,9.905,10.13,9.498,9.416,8.86,9.255,9.974,10.058,10.152,11.205,12.051,12.831,13.987,14.138,15.024,15.663,16.19,16.688,17.741,19.179,21.185,21.185,21.185,21.185,21.182,,,,487.82
Turks and Caicos Islands,,,,,,,,,,,,,,,,0.071,0.075,0.096,0.103,0.11,0.124,0.149,0.171,0.186,0.196,0.196,0.195,0.197,0.196,0.213,0.225,0.235,0.222,0.2,0.192,,,,3.352
U.S. Pacific Islands,,,,,,,,,,,,,,,,0.341,0.348,0.355,0.354,0.36,0.365,0.386,0.394,0.394,0.397,0.529,0.531,0.528,0.534,0.542,0.55,0.515,0.509,0.519,0.509,,,,8.96
Uganda,,,,,,,,,,,,,,,,1.587,1.583,1.712,1.8,1.937,1.953,1.571,1.964,2.314,2.399,2.845,2.739,2.199,2.9,3.331,3.165,4.045,4.23,4.453,4.869,,,,53.596
Ukraine,272,272.7,281.5,297.2,295.3,298.62,278.47,252.32,229.71,202.73,193.82,182.8,177.82,172.65,171.94,171.27,172.81,173.57,180.2,182.02,185.91,193.23,196.14,192.58,173.62,188.82,194.95,198.36,193.71,181.98,161.64,162.86,154.42,158.23,152.66,133.497,,,7282.057
United Arab Emirates,12.185,12.815,13.658,14.84,15.612,17.081,17.222,18.689,21.73,23.736,24.982,26.572,28.464,33.392,37.126,37.547,40.582,44.045,46.483,49.272,57.056,62.762,74.035,77.065,82.91,88.332,93.223,99.866,103.431,109.572,119.755,121.846,126.529,127.92,130.029,,,,2010.364
United Kingdom,298.089,301.071,302.112,308.825,314.585,317.76,321.34,319.34,321.67,325.02,332.48,349.32,349.19,361.08,365.25,374.38,382.37,384.6,395.46,391.29,395.42,393.44,392.98,384.84,373.08,378.91,365.06,360.89,355.38,335.21,335.34,336.28,335.1,330.5,321.65,307.46,305.5,,12822.272
United States,2657.15,2676.113,2772.205,2914.446,3155.45,3232.78,3270.724,3284.39,3404.678,3458.526,3567.331,3663.386,3716.377,3855.808,3936.098,3802.105,3736.644,3858.452,3883.185,3970.555,4055.423,4064.702,4156.745,4119.388,3950.331,4125.06,4100.141,4047.765,4065.964,4104.839,4091.74,4095.487,4058.261,4203.937,4161.834,4049.847,,,134267.867
United States Virgin Islands,,,,,,,,,,,,,,,,1.025,0.968,0.978,0.978,0.987,0.855,0.864,0.871,0.844,0.872,0.825,0.795,0.779,0.727,0.7,0.692,0.687,0.523,0.603,0.576,,,,16.149
Uruguay,,,,,,,,,,,,,,,,7.494,9.162,9.513,8.53,5.787,7.562,5.467,9.272,8.518,8.648,11.026,10.373,10.609,11.471,12.858,13.588,13.778,14.267,14.535,15.99,13.482,,,221.93
Uzbekistan,47.939,52.171,54.755,50.59,55.874,56.325,54.165,50.911,49.149,47.8,47.453,45.419,46.054,45.9,45.372,44.323,44.949,46.661,46.817,47.404,46.974,43.907,44.607,40.201,44.601,49.266,49.921,50.15,51.627,52.723,54.552,56.004,58.066,59.424,61.046,,,,1743.1
Vanuatu,,,,,,,,,,,,,,,,0.039,0.043,0.042,0.041,0.04,0.041,0.042,0.045,0.052,0.052,0.058,0.059,0.062,0.063,0.063,0.06,0.063,0.064,0.07,0.074,,,,1.073
Venezuela,47.29,50.112,54.132,58.245,57.62,59.321,63.337,67.44,69.382,71.221,73.446,75.588,78.066,80.904,80.585,83.24,87.733,86.646,89.267,96.216,101.385,107.904,111.842,116.482,116.703,110.78,115.069,118.488,120.023,100.333,119.181,104.654,100.581,96.665,89.16,,,,3059.041
Vietnam,5.069,5.527,6.051,6.785,7.784,8.681,9.21,9.705,10.662,12.288,14.648,16.944,19.132,21.688,23.559,25.695,29.683,34.559,39.42,44.152,51.36,57.953,63.635,70.3,79.693,90.599,99.889,113.191,115.955,133.073,156.357,174.563,191.222,230.729,259.449,267.18,,,2506.39
Western Africa,18.222,20.252,21.439,22.192,23.779,24.422,25.496,26.711,26.614,27.632,28.638,30.08,31.081,28.925,31.777,31.763,33.758,40.073,37.342,42.288,42.755,44.13,43.092,43.064,42.185,50.115,51.899,53.941,59.144,62.406,63.316,67.116,69.375,72.688,75.403,,,,1413.113
Western Sahara,,,,,,,,,,,,,,,,0.08,0.08,0.085,0.085,0.085,0.085,0.09,0.09,0.09,0.09,0,0,0,0,0,0,0,0,0,0,,,,0.86
World,9879.23,10174.033,10664.348,11133.466,11653.969,11957.406,12218.525,12329.877,12591.805,12916.687,13375.217,13789.21,14120.457,14502.704,14917.527,14777.982,15035.069,15556.98,16089.074,16861.941,17509.037,18251.741,19143.516,19441.839,19376.943,20780.518,21501.62,21946.81,22540.339,22952.241,23313.937,23925.445,24570.376,25559.572,25899.806,25849.919,,,617109.166
Yemen,,,,,,,,,,,,,,,,3.208,3.424,3.543,3.85,4.103,4.482,5.064,5.665,6.153,6.339,7.292,5.834,6.652,7.995,7.196,5.917,4.808,4.061,3.42,2.513,,,,101.519
Zambia,,,,,,,,,,,,,,,,7.757,7.9,8.107,8.261,8.458,8.886,9.666,9.604,9.491,9.862,10.409,11.448,12.311,13.232,14.359,13.36,11.621,14.312,15.981,16.855,,,,221.88
Zimbabwe,,,,,,,,,,,,,,,,6.738,7.582,8.263,8.539,9.411,9.035,7.577,7.287,7.387,7.112,8.441,8.929,8.929,9.256,9.707,9.388,6.826,7.31,9.133,9.046,,,,165.896
(blank),,,,,,,,,,,,,,,,,,,,,,,,,,,,,,,,,,,,,,,
Grand Total,25738.642,26540.894,27842.261,29051.621,30356.882,33497.56,34218.593,34497.333,35123.768,36006.951,37279.21,38445.891,39333.932,40337.71,41464.175,42199.302,43117.382,44574.651,46231.055,48504.587,50375.944,52534.138,55051.555,56040.611,55801.277,59822.564,61860.803,63299.056,65036.744,66358.995,67354.294,69238.132,71324.666,74122.476,75169.003,52026.211,6589.37,,1736368.239
